SENTENCE_CLEAN,SENTENCE_ID,METAPHOR_DENSITY
"Stelle dir vor, die Luft wird ganz blau und warmfeucht in die Straßen hinuntersinken, der Himmel geht dann in Paris spazieren und mischt sich unter die entzückten Menschen.",K_1000000,0.2916666666666667
"Ein Tannenbaum war nicht aus dem Dunkel hervorgewachsen; aber auf dem Tisch stand das große Schloss ""El Escorial"".",K_1016,0.1388888888888889
"Marmor auf den Straßen, herrlich gekleidete Menschen, Häuser aus edlem Gestein, Gärten voll köstlicher Gewächse.",K_1042,0.03333333333333333
"Hunderte von roten Häufchen glühender Holzkohlen glimmten zwischen den Indianergruppen, auf den kleinen Rasenvierecken, zwischen den Wegen und Blumenbeeten des gartenartig bepflanzten Platzes.",K_1059,0.043478260869565216
"Und das Zimmer war nicht hohl, sondern bestand aus einem Stoff, den es unter den Stoffen des Tages nicht gibt, einem schwarz durchsichtigen und schwarz zu durchfühlenden Stoff, aus dem auch ich bestand.",K_1110,0.3181818181818182
"Weit hinten liegt die große Stadt, die graue Stadt in Dunst und Rauch.",K_1117,0.23076923076923078
Girlanden mit Lampions quer über den Hof von Flurfenster zu Flurfenster.,K_1123,0.0
"Man hörte die Mädchen in den Zimmern flüstern, die Türen waren so dünn, vielleicht nur angelehnt?",K_1124,0.0
"Innerhalb der Laube befanden sich rechts und links von der Mauerecke je eine viereckige, fensterähnliche Öffnung, welche von einem Vorhang grüner Blätter bedeckt waren.",K_1134,0.043478260869565216
"Das Bett des Baches bestand aus leichtem, tiefem Sand, welcher sich unschwer ausgraben ließ.",K_1174,0.07692307692307693
"Eine geöffnete niedrige Tür – und zu ihren Füßen eine riesige, in Halbdunkel getauchte, dunstige, mit Köpfen bunt besetzte Höhle; rote, in der schwülen Luft fast erstickende Lichtzünglein.",K_1234,0.2857142857142857
"Hier hatte die junge Magd aufgeräumt, die Unordnung und der Dunst waren verschwunden, eine schöne Lampe mit mattgeschliffener Kristallkuppel brannte auf dem runden Tisch vor dem Diwan.",K_1237,0.08928571428571429
"Wie war ich erstaunt, ein Logis zu sehen, welches aus Vor-, Wohn-, Schlafzimmer und Badestube bestand.",K_1267,0.0
"Lichtgrün auch nickten die Baumwipfel des Dusenbachtales auf den silbern plätschernden Bach, und als ob nie frevelnd wilde Hand in ihr stilles Heiligtum gegriffen, stand die Waldkapelle friedvoll mit weitgeöffneter Tür.",K_1290,0.3548387096774194
In einer Ecke stand Gauds schönes Bett mit den weißen Musselinvorhängen; und der frische und elegante Gegenstand nahm sich in der armseligen Keltenhütte ganz merkwürdig aus.,K_1310,0.10416666666666667
"Auch hatte sie hier den Apparat dicht neben sich, während das andere Telefon sich im Bibliothekzimmer befindet.",K_1314,0.0625
"Es war dort angenehm warm, man hörte jetzt von der Straße keinerlei Geräusch mehr, es schien, als wenn er als einzig Lebender eine tote Stadt bewohnte.",K_1434,0.15384615384615385
"Wie aus weiter Ferne klangen die Rhythmen der ""Ballsirenen"" in das versteckte Zimmer, in dem sie saßen, halb beschattet unter den riesigen Fächern einer Latania.",K_1477,0.22
Aber auch auf der Marktseite waren die Vorderzimmer erleuchtet.,K_1567,0.0
"Die Häuser lagen noch im Dunkel, wenige vereinzelte Fenster waren erleuchtet.",K_1598,0.18181818181818182
"Über die Pfützen auf der Straße fiel ein matter Schimmer, so dass die, welche gut Bescheid wußten, auf den hervorragenden Steinen sich einigermaßen trockenen Fußes bewegen konnten.",K_1647,0.11538461538461539
"Seinem Platz gerade gegenüber befand sich die Tür zum zweiten Zimmer, dessen gesamte Einrichtung in dem großen, zwischen Decke und Fußboden fest eingebauten Webstuhl bestand.",K_1658,0.041666666666666664
"Im geräumigen Vorzimmer hingen an den Wänden und lagen auf den Koffern und Bänken viele Männer- und Frauenüberkleider umher, einfache Schafspelze, vornehme Pelzmäntel, altmodische russische Mützen, neue deutsche Dreimaster und Mönchskappen.",K_1719,0.06666666666666667
"Es herrscht zwar auch hier keine Einförmigkeit in der Natur – hohe Schneeberge wechseln mit düsteren Talgründen, reißende Ströme stürzen durch zerklüftete Bergschluchten, die endlosen Ebenen, die der Winter in ungeheure Schneefelder verwandelt, sind im Sommer unter einer grauen Decke von salzigem Alkalistaub begraben – doch eine schrecklichere, trostlosere Gegend findet sich nirgends.",K_1733,0.27
Um diese Stunde strahlte das durch die Geschäfte des Tages erhitzte Pflaster seine Glut über die Stadt hinter der Stadtmauer aus.,K_1744,0.375
"Nun mussten sie doch kommen, die verräucherten Kneipen mit den ausgetretenen Vortreppen und den langen Schildarmen über der Tür, und sie kamen auch.",K_1757,0.125
An diesem Berge hatte sich die Natur endlich einmal wenigstens einigermaßen grün gekleidet.,K_1815,0.08333333333333333
"Die beiden Fenster des Thronsaals, die auf die Straße sahen, standen geöffnet.",K_1865,0.16666666666666666
"Selbst im Alles verklärenden Mondlicht wollte sich's nicht hübsch machen mit seinen kahlen Mauern, dürftigen Bogenfenstern und dem steilen, Wellenlinien bildenden Dach.",K_1902,0.225
Die Straße geht am Güterbahnhof entlang.,K_1951,0.2
Die Sonne lag längst hinter den Bergen.,K_1973,0.2857142857142857
"Zunächst über den Rosenplatz, dann die Rubinstraße hinunter, dann links über die Forellenbrücke, dann durch das kleine Buchrückengässchen in den Garten der Villa ""verlorener Friede""!",K_1992,0.12
"Aus den Abteilungen und Gittern, die längs der beiden Seiten des Zimmers liefen, schauten furchtbare Fratzen heraus: die einen sahen wie Pferdeköpfe aus, andere hatten Hörner, andere wieder lange Ohren.",K_2003,0.14285714285714285
"Wie in der Galerie, aus der wir kommen, habe ich hier zum Schutze gegen die Nachtluft nur Glasscheiben, ganz dünne Vorhänge aus weißer Seide, und Oberfenster aus Reispapier, die überall geplatzt sind.",K_2025,0.15625
Auch ist drinnen kein Platz mehr.,K_2038,0.0
"Max' Zimmer, im Ganzen dunkel gehalten, dunkelrote Tapeten, dunkelrote Portièren.",K_2051,0.1111111111111111
"Die raue Straße, die nach Süden führte und hier und da von Gehöften eingefasst war, war menschenleer.",K_2052,0.26666666666666666
Das ist das Land in den Bergen.,K_2074,0.07142857142857142
"Große, flache Hagelkörner prasselten in weißen Streifen auf sie nieder, legten sich in Perlenreihen in die Falten des Kleides, spritzten von den Mähnen der Pferde ab und sprangen und rollten im Gras herum, als wimmelten sie aus der Erde hervor.",K_2088,0.2638888888888889
Die Fenster des Wohnzimmers standen offen.,K_2090,0.2
Im Salon waren die Lichter erloschen; an ihrer Stelle brannte in dem Balkonzimmer der unteren Etage eine Lampe.,K_2131,0.1111111111111111
"Er sah wieder im Geist die Zelle vor sich, die er in der Zeit seiner theologischen Studien während drei weiterer Jahre innegehabt hatte; geräumiger war sie, einen Sessel gab es, einen Waschtisch, ein Büchergestell; glückliche Kammer, erfüllt von seinen Glaubensträumen.",K_216,0.17073170731707318
Da sind zwei Fenster in dem Zimmer.,K_2167,0.0
Ein Berg schwarzen Gebälks lag in dem verwüsteten Garten.,K_2169,0.2222222222222222
"Ringsum herrschte Totenstille; nur die Holzscheite im Kamin knisterten, der Wind heulte, und der Schnee fiel mehr und mehr durch die ausgefallenen Fenster in den Saal.",K_223,0.11538461538461539
"Auf die achte Stunde erst wies der Zeiger der Uhr, welche sich an der Stirnseite der vielbesuchten Mariahilfer Kirche befindet, die schon vor alter Zeit ihrer ganzen Umgebung den Namen gegeben hat, den der jetzige sechste Bezirk der schönen Kaiserstadt weiterführt.",K_2240,0.1625
"Das Zimmer war groß, sauber, ehrbar und arm.",K_2251,0.25
"Auch hier brannte Tag und Nacht eine Lampe, die an blanken Kettchen von der Decke herabhing, da in das Innere nur Tageslicht eindrang, wenn einmal die Haustür geöffnet wurde.",K_2307,0.06896551724137931
"Die Glastüren zur Veranda standen offen, und der Duft des Flieders drang herein, der wie eine Mauer aus weißem und hellblauem Gewölk den Garten einhegte.",K_247,0.2391304347826087
"Vor Jahrhunderten schon mag das Schloß, das einst in seiner Mitte stand, zerfallen sein; Reste weißer Grundmauern – kaum bis zur Kniehöhe eines Mannes – ragen verloren aus dem wilden, tiefen Gras wie gebleichte gigantische Zahnstümpfe eines Ungeheuers der Vorzeit.",K_2552,0.25
Verhallend drang der Lärm der Straße herauf; gleichmäßig rollte das dumme Leben weiter.,K_2570,0.18181818181818182
"Und eines Morgens, über Nacht, besaß Paris die besten Autostraßen unter allen Städten Europas.",K_2586,0.21428571428571427
"Links war die Tür, die durch ein Bogenportal zum Turm hinaufführte.",K_259,0.09090909090909091
"Die Straße glich einem langen Corridor neben einem Festsaal, wo sich die Gesellschaft zwischen den Tänzen in kühlerem Zwielicht ergeht.",K_2658,0.5
"Ein dreibeiniger Tisch, der ohne Zweifel einst unter die Quadrupeden gehört hatte, war an diese Lagerstatt gezogen; ein leerer Bierkrug, eine halbgeleerte Zigarrenkiste, Tuschnäpfchen, bekritzelte Papiere und andere heterogene Gegenstände bedeckten ihn im reizendsten Mischmasch.",K_2685,0.14705882352941177
"Auf einem dünnbeinigen Tischchen am Fenster war allerhand Gerät zur Schau gestellt, silberne Kannen, zerbrochene Teller, golddurchwirkte Fetzen.",K_269,0.03125
"Und er sah die Zinnen der großen Stadt und ihren goldenen Tempel, den die Morgensonne beleuchtete.",K_270,0.0625
"Hie und da stiegen die Lianen wie Stangen senkrecht oder wie Seile um einander gedreht in den seltsamsten Verschlingungen zur Erde herab, und an ihnen rankte sich ein Dickicht von Passifloren bis zur Krone des Ceiba empor, mit Millionen und Abermillionen von roten, blauen und violetten Passionsblumen besetzt.",K_2776,0.34523809523809523
"Aber in dieser Straße, in welcher mehr Menschen zu wohnen schienen, als im ganzen Trenschiner Komitat, gab es nur ein Fenster, hinter welchem ein rotgrüner Papagei""Marie"" schrie.",K_2846,0.11538461538461539
"Der Makik-Natun ist eigentlich mehr ein Hügel als ein Berg, denn hier gibt es keine wirklichen Berge, ein kurzer, niedriger Höhenzug, welcher seinen Namen der hellen Farbe des dortigen Bodens verdankt.",K_2949,0.03225806451612903
"Der Himmel war bedeckt, so daß es früher als gewöhnlich dämmerte; es hatte geregnet und die Erde duftete.",K_2989,0.0
"Man hätte glauben können: eine Pariserin in ihrem Heim, wären nicht die vergitterten Fenster und die auf kostbaren Seidenstoffen gestickten Inschriften des Islams gewesen, die hier und da die Füllungen der Wandflächen schmückten: der Name Allahs und einige Sprüche des Korans.",K_3015,0.05128205128205128
"Es roch nach Ölfarbe, Mauerstaub lag auf dem Geländer, die Treppen hatten keine Läufer, und in den feuchten, ungemütlichen Dunst des Baumeisterfabrikats grinsten aus den Flurfenstern bunte, pausbäckige Engel, die in jeder Etage Pauke und Triangel schlugen.",K_3076,0.12162162162162163
"Ein flacher Stein, der sich in der Mitte der Hütte befand, diente als Tisch und auf diesem befand sich ein kleines Stoffbündel – dasselbe, ohne Zweifel, das ich durch das Teleskop auf der Schulter des Jungen gesehen hatte.",K_3158,0.02857142857142857
Vom Weg zum Weinberg kam ein guter stiller Schein aus der alten Laterne an der Ecke her.,K_3264,0.11764705882352941
"Ihr kennt mein Zimmer, ich habe schlechtere Möbel als ihr.",K_3295,0.1
"Dahingestreckt am Waldessaum in’s Leichenbett aus moosigem Flaum, gemordet liegt der urälteste Baum.",K_3318,0.23076923076923078
Bloß aus den Fenstern der kleinen efeubewachsenen Dorfkirche schimmerte Licht.,K_3343,0.0
Die Schenke zur Fortuna lag einige hundert Schritte vor der Stadt und zu dieser Stunde der Siesta war wenig Leben in ihr.,K_3350,0.225
"Das Logierhaus selbst war ein ziemlich fragwürdiger Aufenthalt – eine zweistöckige alte Baracke mit giebelartigem Aufbau stand es am Abhang unweit des Meerufers und hatte infolge irgendwelcher Terraineigentümlichkeiten die Gewohnheit, von Jahr zu Jahr tiefer einzusinken, so dass die Fenster des Erdgeschosses sich immer mehr dem Boden näherten.",K_3355,0.11363636363636363
"Der feine Regen, der noch immer anhielt, die Dunkelheit der Nacht, aus der schon fern die hellen Steinrosen der Kirchenfenster wundersam hervorglommen, das verstohlene Schwirren und Summen der Tausende verbreitete ein banges Grausen rings um die Kirche, dessen nur wenige sich erwehren mochten.",K_34,0.18604651162790697
"Aber es bildete sich eine Gasse, durch die hindurch die drei in ruhigere Straßen und zum Haus der verwitweten Frau von Ottersleben gelangen konnten.",K_3402,0.125
"Haus Twieflingen, an der Straße zwischen Braunschweig und Magdeburg gelegen, war ursprünglich eine lüneburgische Enklave im Wolfenbütteler Gebiet, aber bei der Entfernung des Landesherrn war es längst zu einem Zufluchtsort ritterlichen Raubgesindels geworden, welches auf der belebten Handelsstraße fette Weide fand.",K_3436,0.17073170731707318
"In ihrem Hotelzimmer war es schwül und roch nach dem Parfüm, das sie im Japanbazar gekauft hatte.",K_3440,0.058823529411764705
Auf dem Platze waren zwei offene Verschläge aus Mattenflechtwerk errichtet.,K_3528,0.0
"Einige Zimmer stehen noch ganz so da, wie sie die Czobors zurückgelassen, im Hof starren dem Eintretenden noch einige Kanonen entgegen, in den Gemächern sind großartige Waffen und besonders interessante Familienbilder zu sehen, darunter dasjenige eines kleinen Mädchens, der Katharine Czobor, die in ihrem siebten Jahr von Hause verschwunden ist.",K_3546,0.08333333333333333
"Über den Tisch, gleichmäßig nach allen Seiten, glitt von oben der Schein einer leicht hin und her schwingenden Lampe.",K_357,0.10526315789473684
"Und doch: Draußen, auf der Straße ohne Häuser, weht immer ein eigen kalter Zug; achte einmal darauf!",K_3734,0.0
"Die nierigen Häuschen, zu beiden Seiten der Straße, schienen sich fröstelnd zu ducken, um dem scharfen Wind keine Angriffsflächen zu bieten.",K_378,0.3
"Die Sonne schien, und der ganze Berg leuchtete vom Gipfel bis zum Fuße.",K_3850,0.11538461538461539
Die Straßen waren hell durch das Licht der Schaufenster und Laternen.,K_3853,0.13636363636363635
Im Arbeitszimmer und Schlafzimmer waren Lampen und Lichter angezündet.,K_3949,0.1111111111111111
"Sein Zimmer, ein richtiges, nur etwas zu kleines Menschenzimmer, lag ruhig zwischen den vier wohlbekannten Wänden.",K_4011,0.21875
"Große Unordnung herrschte in dem Gemach; Kleider lagen umhergestreut, feuchte Handtücher waren über die Sessellehnen geworfen; das Bett stand weit offen, ein Laken war herausgerissen und hing bis zum Teppich herunter.",K_4121,0.1
Es schimmert durch die trüben Fenster.,K_421,0.0
"Dann aber sah ich mich plötzlich in einem Raum allein gelassen, der wohl orientalisches Gepräge trug, denn er wies die verschwenderische Fülle mehr oder weniger kostbarer Asienteppiche, mehrerer Ottomanen und jeden Schritt verschluckender Felle und Pelze, so dass er mehr einem Zelt als dem Zimmer einer deutschen Dutzendvilla glich, aber das Eigentümliche des Raumes wäre damit noch keineswegs bezeichnet gewesen.",K_422,0.15254237288135594
Und die kleine Stadt mit ihren stillen weißen Straßen.,K_428,0.1111111111111111
Wir sehen vom Fenster aus alle Züge.,K_492,0.0
"O, stets dieses Grau der Brügger Straßen!",K_495,0.07142857142857142
"Auf der äußersten Bergspitze zur Linken, auf der Römerschanze stand ein alter Wartturm, der ""Lug in's Land,"" höchst wahrscheinlich auf römischem Fundament; gegenüber auf dem Vorsprung des Herrenberges lag die Scharfrichterei, und zwischen dieser und dem Wartturm lief im Tal unten die Stadt gegen das Römertor zu aus.",K_56,0.1111111111111111
"Ich sehe noch jetzt die finstere Souterrainstube, vor den Fenstern erblickte man die Beine der Vorübergehenden, nebenan war eine Schreinerwerkstatt, und man hörte das Kreischen des Hobels.",K_560,0.07407407407407407
Eine weiche volle Stimme klang aus dem oberen Stockwerk der Silberburg; aber die Fenster blieben dunkel wie gewöhnlich.,K_58,0.1388888888888889
"Tiefe Stille lag über den Straßen der Hauptstadt, aber nicht die friedliche, erquickende Feiertagsruhe, wie sie voll heiliger Klarheit über Wald und Flur ausgebreitet liegt, sondern eine dumpfe Regungslosigkeit, ein Schweigen, wie dasjenige schwerster Erschöpfung, wie eine Todmüdigkeit, welche mit halboffenen Augen in bleiernen Schlaf sinkt.",K_589,0.45652173913043476
Und der Schnitter Jauchzen erklang ringsum in den Rebengeländen von Rüdesheim und Johannisberg.,K_619,0.0
"Es war ein düsterer Novembertag, der Wind fegte über den Hof, rüttelte an den Türen und dem Leiterwagen, der die Tote zu ihrer letzten Ruhe in die Kirche zu Holleby bringen sollte.",K_627,0.0967741935483871
"Du kennst das Theater nur von außen und weißt, dass es ein Gebäude ist mit vielen Türen und vorne mit Säulen.",K_633,0.0
"Da sind kleine Plätzchen, von einer Laterne notdürftig beleuchtet, man sieht grade eine Strecke Wegs von ein paar Metern, die ist leer; um ein anderes Licht sind Menschen versammelt, die bereden etwas; weiter oben rollt ein Automobil langsam und vorsichtig die beleuchtete Straße entlang, dann verschwindet es; da sucht eines mit zwei Glotzaugen den dunklen Weg ab; hier liegt eine beleuchtete Halle; da ist ein Haus mit rötlich-gelblichen Lichtern; da eins mit weißen; in der Ferne verdämmern andere; ein Brückchen führt über einen kleinen Abgrund; bis weit ins Land kann man sehen, und oben auf den Bergen wohnen auch Menschen und blinken Lichter.",K_694,0.06372549019607843
"Drei Stühle, zwei Kisten und eine schlechte Kommode vollendeten die Geräte dieses Zimmers.",K_723,0.038461538461538464
"Der Almrausch blühte in leuchtendem Rot, und gleich einem gestickten Fürstenmantel schmiegte sich das Grün der Halden und Wälder um die Flanken aller Berge.",K_845,0.2608695652173913
"Und sie finde die Luft in München selber kräftig genug und besonders abends, wenn der Wind die Stadt mit dem Odem der Berge und Wälder tränke, von so köstlicher Würze, dass sie nichts Besseres wünsche.",K_911,0.24285714285714285
Als Ergebnis der Höhenlage über dem Meeresspiegel ist dieser Nationalpark überwiegend in Wolken gehüllt.,W_1,0.07142857142857142
Der Park verläuft L-förmig um den Festungshügel.,W_100,0.0
Der Bahnhof in Billerbeck enthält ein sehr schönes und leckeres Kunstcafe sowie eine Verleihstation für Fahrräder.,W_103,0.1875
Delaware Park: Größter Park in Buffalo mit gepflegten Grünflächen und einem See.,W_121,0.0
"Painted Post, ein Vorort von Corning, besitzt ein niedliches Geschichtsmuseum.",W_122,0.1111111111111111
"Verkehrsbelastung:auf den flussnahen Strecken gering, auf Hochwasser-Ausweichstrecken ausnahmsweise mal Hauptstraßen mit viel Autoverkehr .",W_14,0.0
"Hier gibt es unter anderem den Kurpark, den St. Viktor Dom und den Archäologischen Park zu entdecken.",W_145,0.07692307692307693
Hallein - an der Salzach mit historischer Altstadt .,W_153,0.0
"Baggersee Schweinfurt (am Schwebheimer Wald): Rasenstrand, 1 Kilometer lang, Sandstrand mit großen Kinderspielplatz auf einer Halbinsel, Insel, nur für Schwimmer erreichbar, Wasserwachtstation, Beachcafé, Beachvolleyball, Tischtennis, Grillplätze im Schatten, im Kiefernwald, Hochseilgarten (siehe Klettern), Ausreichend kostenfreie Parkplätze aus Richtung Innenstadt/Hafen-West, aber sehr staubig!",W_163,0.05
"Wegzustand: Größtenteils verläuft der Kassel-Edersee-Radweg auf asphaltierten Wegen, nur vereinzelt auf geschotterten Wegen, bei denen dickere Reifen teilweise vorteilhaft, aber nicht zwingend sind.",W_169,0.0
"Die Altstadt befindet sich auf einer mächtigen, länglich gestreckten Felserhebung. .",W_17,0.0
"Die Triftbrücke ist eine 150 m lange Hängebrücke, von der wackeligen ""Aussichtsplattform"" ergibt sich ein grandioser Ausblick auf den Triftsee und die Gletscherzunge des Triftgletschers.",W_177,0.08333333333333333
"Die Statue blickt zur Straße, das bedeutet, dass sich der zugehörige Tempel hinter der Statue im Bereich des Friedhofs befindet.",W_204,0.05263157894736842
In unmittelbarer Nähe zum Hauptbahnhof gibt es einige Hotels.,W_205,0.0
"Teile des Gebietes werden aber seit den 1960er Jahren als Erholungsgebiet genutzt und es finden sich im unmittelbaren Umfeld der Bergbauflächen neben einem Waldbad, ein Campingplatz und mehrere Bungalowsiedlungen.",W_209,0.10714285714285714
"Hoch und abgelegen in den Anden ragt die verlassene Minenstadt Sewell, aufgrund ihrer Höhenunterschiede auch ""Stadt der Treppen"" genannt, aus dem Schnee.",W_227,0.045454545454545456
Die Altstadt liegt auf der Lagune und ist erbaut im Stil der französischen Kolonialarchitektur.,W_228,0.17857142857142858
Nach Süden erstreckt sich ein Park und eine Promenade.,W_232,0.125
Kleinere Waschsalons sind in der Altstadt in Seitenstraßen. .,W_237,0.125
"Die engen Gassen der Altstadt mit ihren teils penetranten Verkäufern; die Toten, die zu dem Verbrennungs-Ghat getragen werden, die vielen Kühe in den Gassen plus ihrer Haufen.",W_268,0.07407407407407407
Durch nah vorbeiführende Umgehungsstraße eher laut. .,W_281,0.0
"Lage: durch Hauptstraße vom Strand getrennt, Gäste können auch das Sunst on the Cliffs Resort nutzen.",W_291,0.08333333333333333
"Neben Opuntien ist die Insel von bodendeckenden Pflanzen der Gattung Sesuvium besiedelt, welche sich in der Trockenzeit intensiv rot färben, ein imposantes Farbenspiel.",W_298,0.13043478260869565
Von der eleganten ehemaligen Wandelhalle ist nur noch ein Teil vorhanden und ein Restaurant untergebracht. . Luisenplatz mit dem Waterloo-Obelisk.,W_303,0.0
Struktur P9-25: Eine große Plattform mit mehreren 30 Meter hohen Strukturen und einem alten Maya-Hafen in der Nähe.,W_311,0.0625
"Die meisten Restaurants und Bars liegen entlang der langen und kürzlich renovierten Uferpromenade, die sich von der Bucht Son Moll bis fast zur Cala Gat (auch um den Hafen herum) erstreckt.",W_316,0.03571428571428571
Die meisten Einkaufsmöglichkeiten und Dienstleistungen befinden sich an der St. Gallerstraße oder in und um die Altstadt.,W_321,0.0
"Nur 2 Kilometer vom Stadtzentrum entfernt, direkt unter der Festing Ruzafa, liegt auf einer ruhigen Halbinsel der Campingplatz Legjenda mit angeschlossenem tollen Restaurant.",W_344,0.14285714285714285
"Schillings Hafenamt: Das reetgedeckte Haus, ehemals das offizielle Hafenamt von Kloster, steht mitten im Hafen von Kloster. .",W_353,0.125
Neben den Casinos im Süden der Halbinsel sind gerade die alten Kolonialbauten aus der portugiesischen Vergangenheit sehenswert.,W_373,0.23529411764705882
"Hier liegt auch der Ashkeluna Aqua Park mit Wasserrutschen, etc.",W_377,0.125
"Im Park befinden sich eine Orangerie, ein Lusthäuschen und andere Bauten.",W_407,0.1
"Slope Point: Der südlichste Punkt der Südinsel, auf dem Gelände einer Schaffarm.",W_408,0.13636363636363635
Rund um den Park liegen die Gebäude des Hauptcampus der New York University.,W_413,0.18181818181818182
"Der Bereich in der Ludwigsvorstadt zwischen Hauptbahnhof und Stachus gehört eigentlich noch zu Münchens Fußgängerzone, hier befindet sich mit dem Karstadt Bahnhofplatz und seinen 40.000 Quadratmetern Verkaufsfläche auch einer der ganz großen Münchner Konsumtempel.",W_416,0.0625
Über der Stadt die imposante Ruine der Burg Kohren aus dem Hochmittelalter.,W_422,0.16666666666666666
"Seit 1986 besteht der Ahnepark, ein Landschaftspark mit einer Gesamtfläche von rund 9 ha im Zentrum des Ortes.",W_423,0.0625
Von dort aus hat man einen weiten Blick über fast alle Jungferninseln.,W_427,0.25
Archäologische Ausgrabungen in der Barataschwili-Straße .,W_430,0.4
Der Ort liegt östlich der Weichsel in der historischen Region Pomesanien zwischen mehreren Seen und ist insbesondere für die backsteingotischen Ordensburgruinen sowie Kirchen bekannt.,W_431,0.08333333333333333
"Der Ort verfügt über Duschen, Umkleideräume und einen schönen Rastplatz mit Bänken.",W_443,0.08333333333333333
"Es gibt etwa 80 Hostels in der Stadt (Übersicht), viele in La Candelaria.",W_446,0.0
"Das Berggasthaus Plattenbödeli liegt oberhalb des Sees, in der Nähne die Kapelle Mariae Heimsuchung.",W_447,0.15384615384615385
"Gaeta: kleine Hafenstadt (Provinz Latina) mit pittoresker Altstadt, mittelalterliches Kastell, romanischer Dom mit Glockenturm .",W_452,0.0
Weitere lokale Radwege verbinden die Kernstadt mit den Stadtteilen.,W_458,0.1111111111111111
"Der Golf von Aqaba oder Golf von Akaba (خليج العقبة), ist eine 190 Kilometer lange langgestreckte Bucht und eine natürliche Wasserstraße, die am Nordrand des Roten Meeres beginnt und den Sinai von der Arabischen Halbinsel trennt.",W_463,0.07407407407407407
Auf der Deutzer Seite beginnt nördlich der Brücke der Rheinpark mit dem Tanzbrunnen.,W_464,0.07692307692307693
Außerhalb der Innenstadt gibt es im Industriegebiet mit dem Rheinhessen-Center eine weitere Möglichkeit einen größeren Einkauf zu erledigen.,W_475,0.05555555555555555
Der Weitwanderweg der Romantischen Straße führt ebenfalls durch die Stadt.,W_480,0.1111111111111111
"Hotel Bremer Tor: Das erste Haus am Platze, zentrumsnah gelegen.",W_485,0.2777777777777778
"Weitere Fachwerkbauten umrahmen den verkehrsfreien Platz, dessen Gastronomie zu einer Pause einlädt. .",W_49,0.16666666666666666
Hotel mit Panoramablick über den Achensee.,W_5,0.16666666666666666
"Bei Heshikiya ist die für Zivilisten gesperrte Basis der US-Marine, White Beach (inkl. vorgelagerter kleiner Inseln).",W_511,0.0
"Bergkirche St. Marien: mit dem ""Annaberger Krippenweg"", eine bergmännische Weihnachtskrippe, die aus mehreren holzgeschnitzten Großfiguren besteht. .",W_529,0.0
"Im Inselkern, eingerahmt vom Deich, befinden sich die Äcker, Strassen, Höfe und auch alle anderen Gebäude der Insel sicher geschützt vor Sturmfluten und Überschwemmungen.",W_530,0.16666666666666666
"Teeplantagen: An den Berghängen des Hochlands gedeiht der Ceylon-Tee, und der Besuch einer Teeplantage gehört für viele Besucher zu den touristischen Highlights.",W_533,0.0
"Withernsea (6.000 Einwohner), Gashauptstadt Englands, wo einige Pipelines der Nordseefelder an Land treffen.",W_538,0.08333333333333333
"Die Orientierung auf der Insel ist etwas ungewöhnlich, da es keine Straßennamen gibt.",W_541,0.0
Bei Nablus liegen die Ruinen der antiken Stadt Samaria. .,W_544,0.2222222222222222
Auf Leros gibt es einen kleinen Flughafen für Inlandsflüge.,W_560,0.0
Die Stadt lässt sich recht gut zu Fuß bewältigen.,W_561,0.2857142857142857
"Mit St. Johann in Tirol, Waidring, St. Ulrich am Pillersee und Fieberbrunn liegen bekannte Pisten direkt vor der Haustüre.",W_581,0.3333333333333333
"Die Landschaft wird von zahlreichen kleinen und größeren Seen geprägt, die nicht alle natürlichen Ursprungs sind.",W_583,0.0625
Hier liegt auch der Akagera-Nationalpark mit seinen Savannen und Sumpfgebieten.,W_59,0.0
Inzwischen sind genügend Banken in der Stadt vertreten und es stehen auch reichlich Geldautomaten zur Verfügung.,W_590,0.0625
"Grein bietet sich wegen seinem Angebot an Gastronomie, Hotellerie sowie einem Campingplatz als Zwischenstopp bzw. Übernachtungsstopp an.",W_597,0.0
"In der Umgebung findet man mehrere Naturschutzgebiete mit seltenen Pflanzen- und Tierarten, zahlreiche Weinberge und die ersten Ausläufer des Spessarts.",W_60,0.05
In der 240. Straße sowie im Boeng Keng Kang Areal gibt es einige echte Oasen zu entdecken.,W_613,0.0
Der Cirque de Cilaos ist ein Kraterkessel und beliebtes Wandergebiet südlich des Vulkans Piton des Neiges auf der Insel Réunion im Indischen Ozean.,W_615,0.05555555555555555
Dingle Peninsula: Die schönste Halbinsel. .,W_623,0.0
Der Hohe Peißenberg ist bekannt für sein 360° Panorama.,W_629,0.0
Das Fisher Building beherbergt auch ein Theater – das Fisher Theatre – in dem vor allem tourende Broadway-Truppen auftreten.,W_641,0.06666666666666667
"Im Nordosten der Stadt im Stadtteil Toukola finden sich Fabrikverkäufe bekannter finnischer Manufakturen wie z. B. Arabia, Fiskars und Finnlayson.",W_650,0.1111111111111111
"Cartagena ist berühmt für seine gut erhaltene koloniale Architektur, befestigten Stadtmauern, historischen Gassen und pulsierenden Straßen.",W_652,0.0625
"Im Nordwesten befindet sich die Sierra de las Quijadas, heute ein Nationalpark. .",W_661,0.1875
"Der Flughafen hat zwei Start- und Landebahnen mit 3.200 bzw. 2.670 Metern Länge, die Landung der Boeing B747 ist möglich.",W_666,0.08823529411764706
Breisacher Stephansmünster auf dem historischen Münsterberg .,W_671,0.0
"Der Dom zählt zu den beeindruckendsten Baudenkmalen an der 'Straße der Romanik', der bedeutendsten Touristikroute in Sachsen-Anhalt. .",W_672,0.058823529411764705
"São Roque: Diese Stadt liegt an der Nordküste von Pico und ist bekannt für ihre schönen Naturschwimmbecken, in denen Besucher baden können.",W_673,0.047619047619047616
Ungewöhnlicherweise beherbergt die Mall nur ein einziges Kaufhaus (Super Target).,W_675,0.1111111111111111
"Gayer-Anderson-Museum: Das Museum besteht aus zwei benachbarten und durch eine Brücke im zweiten Stock verbundenen Wohnhäusern aus dem 16. und 17. Jahrhundert, dem Beit el-Kirītlīya („Haus der Kreterin“) und dem Haus der Amina Bint Sālim, die sich beide unmittelbar südlich der Moschee des Aḥmad ibn Ṭūlūn befinden.",W_681,0.05405405405405406
Die Nordseite des Parks dominiert das große Riverwalk Einkaufszentrum.,W_692,0.0
"Der Hohe Dörnberg ist mit 578,7 m Höhe einer der abwechslungsreichsten Berge im Naturpark Habichtswald bei Kassel.",W_703,0.0
"Für lange Zeit gab es nur eine Zufahrtsstraße mit einem 8 Kilometer langen Stück von nur einer Spur Breite, genannt „The Gap“.",W_705,0.0
Die Anlage hat einen Pool mit Spa und Sauna und einen Tennisplatz. .,W_712,0.0
"The Golden Lemon Inn: 26 Zimmer und Villen, Restaurant, Bar, Pool, Kinderpool, Andenkengeschäft, Tennisplatz, Mini Markt, jede Villa mit eigenem Pool, schwarzer Sandstrand.",W_719,0.0
"Die gesamte Insel Magerøya steht seit 1929 unter Naturschutz, was natürlich für eine intakte Umwelt gesorgt hat, die zu Fuß erkundet werden kann. .",W_726,0.14285714285714285
"Eine frei zugängliche, öffentliche Toilettenanlage befindet sich am Rathaus oberhalb des Marktplatzes.",W_733,0.09090909090909091
"Wahoo Bay Beach Hotel: 20 Zimmer und Suiten, Restaurant, Bar, Pool, Tennisplatz, Strand, Segeln, Surfen und Tauchen.",W_739,0.0
"Das Luxushotel liegt im Zentrum von Franzensbad und stammt, wie auch die Stadt, aus dem Jahr 1793.",W_75,0.1875
"Der Ring von Brodgar ist eine jungsteinzeitliche Henge mit einer Steinkreissetzung und liegt ca. 16km westlich von Kirkwall auf der Orkneyinsel Mainland, auf einer Landzunge zwischen dem Loch of Stenness und dem Loch of Harray.",W_750,0.06451612903225806
"Pod kovač: Sehr kleiner Strand unmittelbar unter der Altstadt, vom Hafen erreichbar.",W_751,0.09090909090909091
Es herrscht ein quirliges Leben in der knapp 20 000 Einwohner großen Stadt.,W_761,0.4090909090909091
"Die Waldkarpaten sind seit dem Zweiten Weltkrieg so gut wie unbewohnt, und im Nationalpark leben noch Bären, Wölfe und Luchse.",W_762,0.05263157894736842
"Wiley Post Airport: kleiner regionaler Flughafen, touristisch wenig bedeutungsvoll.",W_768,0.0
Lodge Park: Eine elegante Tribüne aus dem 17. Jh.,W_769,0.14285714285714285
"Gasthof ""Wengers Brettl"": Gemütliche Weinstube mit Sonnenterrasse über den Dächern von Nördlingen in einem traditionsreichen Haus in der Innenstadt.",W_771,0.2222222222222222
Stratoni: sehr kleiner Hafen. .,W_778,0.0
Hartman National Park: Dieser Park befindet sich im Südwesten von Grenada und schützt ein Küstengebiet mit Mangrovenwäldern und Korallenriffen.,W_781,0.125
"In der Innenstadt von Puerto de la Cruz gibt es, wie in allen Touristenzentren, eine Vielzahl von Geschäften und Boutiquen.",W_787,0.11764705882352941
